Priority,Core Pain Point,AI Diagnosis,Recommended Action,Est. Retention Recovery (%)
P0,Brand Servings,"Recurring negative sentiment cluster (22 mentions, avg rage 93/100). Zone: Red Core Blast Zone. Sample: ""Horrible .. dont buy it. The laddoos turned bad in a few days after we received it. No other item inside our fridge turn..."" | ""Horrible smell. I bought these for my son to take to work for lunch. Apparently his co-workers found the smell so offens...""",Investigate root cause of 'Brand Servings'; run targeted user interviews to validate fix.,8.7
P0,Organic Raw,"Recurring negative sentiment cluster (18 mentions, avg rage 94/100). Zone: Purple Hidden Sting Zone. Sample: ""So awful I can barely describe. This is the first time I've really been misled by other reviews on amazon. I like 5-hr E..."" | ""Bitter. A very bitter tasting coffee even when enhanced with cream and/or honey. Definately not my cup of coffee. Oh, di...""",Investigate root cause of 'Organic Raw'; run targeted user interviews to validate fix.,7.6
P0,Cookie Mixes,Dessert/snack product expectations mismatch drives disappointment and returns.,Clarify product imagery vs reality; tighten QA on texture and freshness.,5.0
P1,Sour Cream,Core product quality inconsistency undermines repeat purchase intent.,Investigate batch quality control; surface freshness guarantees in product page.,7.1
P1,Mango Flavor,Core product quality inconsistency undermines repeat purchase intent.,Investigate batch quality control; surface freshness guarantees in product page.,5.7
P1,Poor Packaging,Users report fulfillment/delivery failures causing post-purchase churn.,Audit logistics partners; add delivery tracking and proactive delay notifications.,5.5
P2,Jerky Processed,"Recurring negative sentiment cluster (27 mentions, avg rage 86/100). Zone: Yellow Monitor Zone. Sample: ""CHANGED FORMULA MAKES CATS SICK!!!!. As with canidae, Felidae has also changed their formula. Cats do not like change wh..."" | ""HORRIBLE.. I read the reviews for this product and had high hopes for a healthy, decent tasting cup of noodles. Needless...""",Investigate root cause of 'Jerky Processed'; run targeted user interviews to validate fix.,2.4
P2,Peanut Butter,"Recurring negative sentiment cluster (22 mentions, avg rage 88/100). Zone: Red Core Blast Zone. Sample: ""Worst cookies ever!!!!!. I tried the Martha White Turtle Fudge Chocolate Chip Cookie recipe and these are the worst cook..."" | ""OMG DO NOT BUY!!!. OMG I would love these cookies except for the chocolate mixed in makes it taste medicinal. DEGUSTING ...""",Investigate root cause of 'Peanut Butter'; run targeted user interviews to validate fix.,2.1
P2,Horrible Beans,"Recurring negative sentiment cluster (13 mentions, avg rage 88/100). Zone: Purple Hidden Sting Zone. Sample: ""the garbanzo beans in it give horrible gas. To be fair only one of my twins got gas from this but it was horrible. Up al..."" | ""ABSOLUTELY VILE!!!. Imagine taking some kids' playground chalk, perhaps that tan colored one and grinding it into powder...""",Investigate root cause of 'Horrible Beans'; run targeted user interviews to validate fix.,1.5
P2,Ingredient List,"Recurring negative sentiment cluster (13 mentions, avg rage 85/100). Zone: Green Low Priority Zone. Sample: ""Buyer Beware!This product contains High Fructose Corn Syrup!. It's no secret that high fructose corn syrup is detrimenta..."" | ""Lie!!!!. I used to buy this sugar for years. I do not eat much sugar, but still. This sugar is called turbinado sugar, b...""",Investigate root cause of 'Ingredient List'; run targeted user interviews to validate fix.,1.4
P2,Base Mixes,"Recurring negative sentiment cluster (11 mentions, avg rage 82/100). Zone: Green Low Priority Zone. Sample: ""Can't detect the prickly pear. Loose prickly pear tea makes a great iced tea but it is very difficult to find in pure fo..."" | ""Tao of Tea ...!Don't get it. This kind of tea not good ....!Taste and smell so wear it's not like tea ,and feel like som...""",Investigate root cause of 'Base Mixes'; run targeted user interviews to validate fix.,1.3
P2,Bags Better,"Recurring negative sentiment cluster (8 mentions, avg rage 83/100). Zone: Green Low Priority Zone. Sample: ""this gadget just doesn't do the job.. I threw this away after about a week of ownership. Couldn't get the clear plastic ..."" | ""Great concept, poor product. I have had the herb pods for about 6 months. They are a great concept, but have a poor desi...""",Investigate root cause of 'Bags Better'; run targeted user interviews to validate fix.,1.1
